{
  "type": "property-list",
  "meta": {
    "title": "Apartamentos en Naco en venta | CLIC Inmobiliaria",
    "description": "Explora apartamentos en venta en Naco, Santo Domingo con los mejores asesores."
  },
  "listings": [
    { "slug": "apto-naco-3h-2b", "titulo": "Apartamento 3H en Naco con balcón" },
    { "slug": "apto-naco-penthouse", "titulo": "Penthouse en Naco con vista al mar" }
  ],
  "schema": {
    "@context": "https://schema.org",
    "@type": "ItemList",
    "itemListElement": [
      {
        "@type": "ListItem",
        "position": 1,
        "url": "/propiedad/apto-naco-3h-2b"
      },
      {
        "@type": "ListItem",
        "position": 2,
        "url": "/propiedad/apto-naco-penthouse"
      }
    ]
  }
}
